,index,Positive Review Percentage,Negative Review Percentage,Brand
0,0,0.8339751818570817,0.16602481814291825,Apple
1,1,0.8466042154566745,0.15339578454332548,Google
2,2,0.9575652173913044,0.0424347826086956,Apple
3,3,0.9334085778781038,0.06659142212189617,Google
4,4,0.8585858585858586,0.14141414141414144,Apple
5,5,0.8823529411764706,0.11764705882352944,Google
