,Positive Review Percentage,Negative Review Percentage,Brand
0,0.8339751818570817,0.16602481814291825,Apple
1,0.8466042154566745,0.15339578454332548,Google
